2021/01/01,休
2021/01/02,休
2021/01/03,休
2021/01/04,休
2021/01/05,休
2021/01/06,休
2021/01/07,B月
2021/01/08,B火
2021/01/09,休
2021/01/10,休
2021/01/11,休
2021/01/12,A火
2021/01/13,A水
2021/01/14,A木
2021/01/15,A金
2021/01/16,休
2021/01/17,休
2021/01/18,特
2021/01/19,B火
2021/01/20,B水
2021/01/21,B木
2021/01/22,B金
2021/01/23,休
2021/01/24,休
2021/01/25,A月
2021/01/26,A火
2021/01/27,A水
2021/01/28,A木
2021/01/29,A金
2021/01/30,休
2021/01/31,休
2021/02/01,B月
2021/02/02,B火
2021/02/03,B水
2021/02/04,B木
2021/02/05,B金
2021/02/06,休
2021/02/07,休
2021/02/08,休
2021/02/09,A火
2021/02/10,A水
2021/02/11,休
2021/02/12,A金
2021/02/13,休
2021/02/14,休
2021/02/15,A月
2021/02/16,B火
2021/02/17,B水
2021/02/18,B木
2021/02/19,B金
2021/02/20,休
2021/02/21,休
2021/02/22,考査
2021/02/23,休
2021/02/24,考査
2021/02/25,考査
2021/02/26,考査
2021/02/27,休
2021/02/28,休
2021/03/01,特
2021/03/02,特
2021/03/03,特
2021/03/04,特
2021/03/05,特
2021/03/06,休
2021/03/07,休
2021/03/08,特
2021/03/09,休
2021/03/10,休
2021/03/11,休
2021/03/12,休
2021/03/13,休
2021/03/14,休
2021/03/15,休
2021/03/16,特
2021/03/17,特
2021/03/18,特
2021/03/19,特
2021/03/20,休
2021/03/21,休
2021/03/22,特
2021/03/23,特
2021/03/24,休
2021/03/25,休
2021/03/26,休
2021/03/27,休
2021/03/28,休
2021/03/29,休
2021/03/30,休
2021/03/31,休
